customer_id,age,race,job,marital_status,education,casa_balance
L0001,59,chinese,admin.,married,secondary,2343
L0002,56,chinese,admin.,married,secondary,
L0003,41,bumiputra,technician,married,secondary,1270
L0004,55,bumiputra,services,married,secondary,2476
L0005,54,chinese,admin.,married,tertiary,
L0006,42,chinese,management,divorced,secondary,0
L0007,56,bumiputra,management,married,tertiary,830
L0008,60,chinese,retired,divorced,secondary,545
L0009,37,chinese,technician,married,secondary,1
L0010,28,chinese,services,single,secondary,5090
L0011,38,bumiputra,admin.,single,secondary,100
L0012,30,chinese,blue-collar,married,secondary,
L0013,29,others,management,married,tertiary,199
L0014,46,chinese,blue-collar,single,tertiary,460
L0015,31,bumiputra,technician,single,tertiary,703
L0016,35,indian,management,divorced,tertiary,3837
L0017,32,indian,blue-collar,single,primary,611
L0018,49,bumiputra,services,married,secondary,-8
L0019,41,chinese,admin.,married,secondary,55
L0020,49,bumiputra,admin.,divorced,secondary,
L0021,28,others,admin.,divorced,secondary,
L0022,43,bumiputra,management,single,tertiary,2067
L0023,43,chinese,management,divorced,tertiary,388
L0024,43,indian,blue-collar,married,primary,-192
L0025,37,others,unemployed,single,secondary,381
L0026,35,bumiputra,blue-collar,single,secondary,40
L0027,31,bumiputra,technician,single,tertiary,
L0028,43,chinese,blue-collar,single,secondary,
L0029,31,chinese,admin.,married,secondary,307
L0030,28,bumiputra,blue-collar,single,secondary,759
L0031,32,bumiputra,blue-collar,married,secondary,-1
L0032,60,bumiputra,technician,married,primary,65
L0033,26,chinese,blue-collar,single,secondary,82
L0034,40,bumiputra,blue-collar,married,secondary,10
L0035,33,chinese,blue-collar,divorced,primary,390
L0036,32,bumiputra,management,single,tertiary,311
L0037,35,chinese,blue-collar,married,primary,414
L0038,33,bumiputra,management,divorced,secondary,5
L0039,38,bumiputra,management,married,tertiary,119
L0040,23,chinese,entrepreneur,single,primary,4
L0041,60,chinese,blue-collar,married,primary,1262
L0042,48,bumiputra,management,married,tertiary,1949
L0043,45,bumiputra,entrepreneur,divorced,tertiary,-395
L0044,36,bumiputra,blue-collar,married,secondary,1165
L0045,52,bumiputra,management,married,unknown,2240
L0046,35,bumiputra,blue-collar,divorced,primary,300
L0047,43,chinese,technician,married,secondary,3285
L0048,52,chinese,housemaid,married,secondary,3923
L0049,53,chinese,technician,divorced,primary,1443
L0050,48,chinese,blue-collar,divorced,primary,24
L0051,41,bumiputra,blue-collar,single,primary,1618
L0052,39,chinese,management,divorced,tertiary,517
L0053,59,bumiputra,retired,married,secondary,1521
L0054,41,bumiputra,blue-collar,married,secondary,2823
L0055,48,bumiputra,blue-collar,married,secondary,1405
L0056,40,bumiputra,admin.,married,secondary,1535
L0057,48,chinese,blue-collar,married,secondary,1596
L0058,60,bumiputra,retired,married,primary,1542
L0059,40,bumiputra,technician,single,unknown,3652
L0060,57,bumiputra,technician,married,tertiary,-1
L0061,51,bumiputra,blue-collar,married,secondary,7180
L0062,41,chinese,blue-collar,divorced,secondary,5291
L0063,41,bumiputra,blue-collar,married,secondary,1384
L0064,52,chinese,blue-collar,divorced,primary,-191
L0065,59,bumiputra,blue-collar,married,primary,320
L0066,44,bumiputra,blue-collar,married,unknown,146
L0067,49,others,unknown,married,primary,341
L0068,40,bumiputra,services,married,primary,-9
L0069,41,chinese,admin.,married,primary,-306
L0070,44,bumiputra,technician,married,tertiary,4580
L0071,60,indian,services,single,primary,313
L0072,29,bumiputra,management,married,tertiary,10576
L0073,41,chinese,retired,divorced,primary,-233
L0074,41,chinese,blue-collar,married,primary,2453
L0075,42,chinese,technician,single,secondary,1364
L0076,36,bumiputra,services,single,unknown,281
L0077,39,chinese,technician,married,tertiary,94
L0078,31,bumiputra,self-employed,single,tertiary,144
L0079,26,chinese,blue-collar,married,secondary,246
L0080,31,bumiputra,blue-collar,married,secondary,92
L0081,29,chinese,admin.,single,secondary,163
L0082,37,bumiputra,services,divorced,secondary,49
L0083,33,bumiputra,blue-collar,single,secondary,-416
L0084,24,bumiputra,technician,single,secondary,409
L0085,50,bumiputra,admin.,divorced,secondary,363
L0086,27,indian,technician,single,tertiary,3706
L0087,54,bumiputra,management,single,tertiary,4393
L0088,30,bumiputra,technician,single,secondary,863
L0089,34,bumiputra,blue-collar,married,primary,695
L0090,37,chinese,management,single,secondary,792
L0091,41,chinese,admin.,single,secondary,1020
L0092,47,chinese,blue-collar,married,secondary,863
L0093,31,chinese,admin.,married,secondary,97
L0094,31,chinese,blue-collar,married,secondary,754
L0095,43,bumiputra,services,divorced,secondary,1040
L0096,37,bumiputra,management,divorced,tertiary,122
L0097,30,chinese,technician,single,tertiary,880
L0098,41,bumiputra,technician,married,secondary,501
L0099,36,bumiputra,blue-collar,married,secondary,4438
L0100,35,chinese,blue-collar,divorced,secondary,0
L0101,29,bumiputra,services,single,secondary,271
L0102,35,chinese,blue-collar,married,primary,102
L0103,31,indian,blue-collar,married,secondary,2
L0104,35,bumiputra,services,married,secondary,4170
L0105,34,bumiputra,technician,single,secondary,85
L0106,31,chinese,admin.,single,secondary,431
L0107,44,bumiputra,technician,divorced,secondary,982
L0108,36,chinese,blue-collar,married,primary,408
L0109,35,chinese,blue-collar,married,unknown,4822
L0110,41,bumiputra,blue-collar,married,primary,1250
L0111,31,bumiputra,blue-collar,single,primary,216
L0112,34,bumiputra,blue-collar,married,secondary,1207
L0113,32,chinese,technician,married,secondary,791
L0114,36,chinese,management,married,tertiary,849
L0115,30,bumiputra,blue-collar,single,secondary,239
L0116,37,bumiputra,technician,single,secondary,1211
L0117,36,chinese,blue-collar,married,primary,599
L0118,31,chinese,management,single,tertiary,825
L0119,27,bumiputra,technician,married,secondary,2183
L0120,34,indian,retired,married,primary,4499
L0121,30,bumiputra,technician,single,tertiary,1289
L0122,32,chinese,technician,single,tertiary,4665
L0123,37,bumiputra,technician,single,secondary,3326
L0124,32,bumiputra,blue-collar,married,secondary,783
L0125,33,chinese,blue-collar,married,secondary,0
L0126,35,chinese,blue-collar,married,primary,994
L0127,35,bumiputra,self-employed,divorced,tertiary,1354
L0128,30,bumiputra,blue-collar,single,secondary,239
L0129,45,bumiputra,blue-collar,divorced,primary,-311
L0130,45,bumiputra,admin.,married,secondary,149
L0131,33,others,blue-collar,married,secondary,1464
L0132,44,bumiputra,management,divorced,tertiary,5773
L0133,40,bumiputra,blue-collar,married,primary,278
L0134,31,bumiputra,blue-collar,married,secondary,2910
L0135,30,bumiputra,technician,married,tertiary,541
L0136,44,bumiputra,technician,divorced,secondary,1262
L0137,34,bumiputra,services,married,secondary,-538
L0138,37,chinese,blue-collar,married,secondary,125
L0139,28,bumiputra,self-employed,single,tertiary,0
L0140,32,others,admin.,single,secondary,620
L0141,37,chinese,blue-collar,divorced,secondary,316
L0142,34,bumiputra,management,married,tertiary,2287
L0143,38,chinese,admin.,divorced,secondary,198
L0144,28,chinese,admin.,single,secondary,460
L0145,31,chinese,management,divorced,tertiary,1145
L0146,59,chinese,services,married,secondary,-22
L0147,24,others,blue-collar,married,secondary,685
L0148,26,chinese,services,single,secondary,901
L0149,59,bumiputra,retired,single,secondary,351
L0150,30,others,entrepreneur,single,primary,0
L0151,37,chinese,admin.,married,secondary,274
L0152,30,chinese,admin.,single,secondary,-213
L0153,25,others,blue-collar,married,secondary,97
L0154,44,indian,services,divorced,secondary,51
L0155,29,bumiputra,management,married,tertiary,314
L0156,26,others,management,single,tertiary,6840
L0157,26,bumiputra,technician,single,secondary,668
L0158,27,bumiputra,services,single,secondary,54
L0159,25,chinese,self-employed,single,secondary,1242
L0160,28,chinese,management,married,secondary,292
L0161,23,bumiputra,services,single,secondary,665
L0162,34,chinese,management,single,tertiary,1058
L0163,28,bumiputra,student,single,secondary,949
L0164,51,others,entrepreneur,married,unknown,606
L0165,35,bumiputra,blue-collar,married,secondary,0
L0166,35,bumiputra,admin.,married,secondary,404
L0167,56,bumiputra,blue-collar,married,secondary,249
L0168,45,bumiputra,unemployed,divorced,secondary,3354
L0169,60,others,blue-collar,divorced,secondary,0
L0170,56,bumiputra,technician,married,secondary,589
L0171,27,bumiputra,management,single,tertiary,12956
L0172,30,chinese,admin.,married,secondary,873
L0173,45,bumiputra,blue-collar,divorced,primary,594
L0174,29,chinese,blue-collar,single,secondary,-20
L0175,38,bumiputra,management,divorced,tertiary,4692
L0176,30,chinese,blue-collar,married,secondary,486
L0177,44,chinese,blue-collar,single,primary,1593
L0178,36,chinese,management,single,tertiary,7606
L0179,38,bumiputra,technician,married,secondary,226
L0180,36,bumiputra,blue-collar,single,secondary,366
L0181,37,chinese,management,divorced,secondary,16
L0182,35,bumiputra,management,single,tertiary,565
L0183,38,others,admin.,divorced,secondary,19
L0184,40,bumiputra,services,married,primary,1082
L0185,42,indian,unemployed,divorced,secondary,1713
L0186,46,bumiputra,management,divorced,tertiary,14481
L0187,35,chinese,technician,divorced,secondary,5724
L0188,34,bumiputra,technician,divorced,secondary,1451
L0189,32,indian,services,married,secondary,-34
L0190,50,chinese,unemployed,married,secondary,3674
L0191,35,chinese,blue-collar,married,secondary,698
L0192,36,bumiputra,technician,single,secondary,4136
L0193,53,chinese,blue-collar,divorced,primary,2656
L0194,46,bumiputra,management,single,tertiary,2904
L0195,26,chinese,management,single,tertiary,1004
L0196,45,bumiputra,technician,single,secondary,410
L0197,31,indian,unemployed,divorced,primary,0
L0198,29,bumiputra,management,single,tertiary,0
L0199,53,bumiputra,entrepreneur,single,secondary,62
L0200,27,others,blue-collar,married,primary,416
L0201,39,bumiputra,management,married,tertiary,2763
L0202,36,chinese,services,married,secondary,2984
L0203,41,bumiputra,blue-collar,married,primary,143
L0204,36,chinese,services,married,primary,0
L0205,32,bumiputra,technician,married,secondary,696
L0206,35,bumiputra,services,married,secondary,152
L0207,36,bumiputra,management,single,tertiary,-78
L0208,35,bumiputra,management,married,tertiary,867
L0209,30,chinese,blue-collar,single,secondary,953
L0210,42,bumiputra,blue-collar,married,secondary,443
L0211,42,bumiputra,technician,single,secondary,-1129
L0212,32,chinese,blue-collar,married,primary,415
L0213,29,chinese,blue-collar,single,secondary,260
L0214,44,bumiputra,management,divorced,tertiary,-411
L0215,32,others,technician,single,secondary,1279
L0216,31,indian,unemployed,married,secondary,86
L0217,40,chinese,self-employed,married,secondary,-754
L0218,43,bumiputra,entrepreneur,married,secondary,0
L0219,27,bumiputra,management,single,secondary,178
L0220,37,indian,services,single,secondary,278
L0221,23,chinese,services,single,secondary,425
L0222,25,chinese,management,married,primary,168
L0223,26,bumiputra,blue-collar,single,secondary,-36
L0224,47,chinese,blue-collar,divorced,primary,126
L0225,35,bumiputra,admin.,married,secondary,-87
L0226,32,bumiputra,technician,single,tertiary,6281
L0227,45,chinese,management,divorced,secondary,644
L0228,30,bumiputra,admin.,divorced,secondary,377
L0229,29,chinese,services,single,secondary,-271
L0230,38,bumiputra,blue-collar,married,primary,5839
L0231,23,bumiputra,blue-collar,single,secondary,492
L0232,27,others,management,single,tertiary,99
L0233,27,bumiputra,management,single,tertiary,-713
L0234,29,others,services,single,secondary,32
L0235,30,bumiputra,self-employed,married,tertiary,543
L0236,36,chinese,blue-collar,married,primary,403
L0237,35,chinese,admin.,divorced,secondary,437
L0238,36,bumiputra,blue-collar,married,secondary,1772
L0239,59,chinese,retired,divorced,primary,-88
L0240,47,chinese,entrepreneur,married,secondary,0
L0241,58,chinese,entrepreneur,married,tertiary,853
L0242,37,bumiputra,management,single,tertiary,240
L0243,46,chinese,admin.,single,secondary,849
L0244,43,chinese,blue-collar,single,secondary,318
L0245,27,bumiputra,management,single,tertiary,703
L0246,38,bumiputra,services,divorced,secondary,61
L0247,53,chinese,housemaid,married,primary,104
L0248,47,chinese,blue-collar,married,secondary,1996
L0249,56,chinese,housemaid,divorced,primary,1238
L0250,41,bumiputra,housemaid,married,secondary,879
L0251,29,bumiputra,self-employed,married,secondary,425
L0252,50,bumiputra,technician,married,secondary,416
L0253,45,bumiputra,blue-collar,divorced,primary,844
L0254,35,bumiputra,blue-collar,married,secondary,860
L0255,26,chinese,technician,single,secondary,639
L0256,26,bumiputra,admin.,married,secondary,710
L0257,37,chinese,blue-collar,married,unknown,1508
L0258,30,others,admin.,single,secondary,223
L0259,38,chinese,management,single,tertiary,619
L0260,37,chinese,services,divorced,secondary,319
L0261,53,chinese,technician,married,secondary,480
L0262,29,bumiputra,blue-collar,single,primary,213
L0263,35,bumiputra,management,single,tertiary,68
L0264,28,bumiputra,blue-collar,married,secondary,2788
L0265,55,chinese,blue-collar,married,unknown,7561
L0266,49,bumiputra,management,divorced,secondary,-46
L0267,50,bumiputra,services,married,secondary,1595
L0268,43,chinese,management,single,tertiary,1046
L0269,58,chinese,self-employed,divorced,tertiary,1382
L0270,38,others,technician,married,primary,217
L0271,48,others,blue-collar,divorced,primary,183
L0272,59,bumiputra,management,married,secondary,1321
L0273,58,chinese,blue-collar,married,secondary,25
L0274,36,chinese,self-employed,single,tertiary,4844
L0275,42,bumiputra,entrepreneur,married,tertiary,5345
L0276,41,bumiputra,admin.,single,secondary,812
L0277,42,chinese,admin.,married,secondary,105
L0278,39,bumiputra,management,married,tertiary,-190
L0279,57,bumiputra,housemaid,married,primary,625
L0280,52,bumiputra,retired,married,unknown,293
L0281,59,indian,retired,married,unknown,1033
L0282,56,chinese,blue-collar,married,secondary,1210
L0283,49,chinese,management,married,tertiary,64
L0284,35,chinese,blue-collar,divorced,unknown,164
L0285,36,indian,unemployed,married,secondary,1766
L0286,40,chinese,admin.,single,tertiary,1248
L0287,55,indian,blue-collar,married,secondary,0
L0288,58,bumiputra,admin.,married,secondary,826
L0289,39,bumiputra,self-employed,married,tertiary,2630
L0290,47,bumiputra,housemaid,single,tertiary,3727
L0291,40,chinese,management,married,secondary,406
L0292,35,indian,blue-collar,married,tertiary,2999
L0293,48,indian,blue-collar,married,secondary,1000
L0294,48,bumiputra,management,divorced,tertiary,503
L0295,24,bumiputra,blue-collar,single,secondary,-203
L0296,49,bumiputra,blue-collar,married,primary,361
L0297,36,bumiputra,blue-collar,married,secondary,274
L0298,52,bumiputra,retired,divorced,tertiary,3687
L0299,42,chinese,entrepreneur,single,unknown,323
L0300,36,chinese,services,married,secondary,981
L0301,36,bumiputra,blue-collar,divorced,secondary,638
L0302,48,chinese,unemployed,single,tertiary,3229
L0303,51,chinese,management,single,secondary,1610
L0304,51,others,blue-collar,married,secondary,33
L0305,46,indian,technician,married,secondary,536
L0306,37,chinese,management,married,tertiary,0
L0307,36,chinese,entrepreneur,married,tertiary,3057
L0308,47,bumiputra,management,married,secondary,2892
L0309,40,bumiputra,technician,divorced,tertiary,0
L0310,38,chinese,student,single,tertiary,3316
L0311,40,bumiputra,management,married,secondary,106
L0312,39,bumiputra,blue-collar,married,primary,2303
L0313,60,bumiputra,management,married,tertiary,3301
L0314,39,bumiputra,self-employed,single,tertiary,426
L0315,51,chinese,services,divorced,secondary,9
L0316,27,bumiputra,admin.,married,secondary,-97
L0317,41,bumiputra,management,single,tertiary,11008
L0318,42,chinese,blue-collar,single,primary,4930
L0319,41,bumiputra,entrepreneur,married,secondary,707
L0320,33,bumiputra,technician,married,secondary,4
L0321,46,bumiputra,admin.,married,secondary,126
L0322,31,chinese,blue-collar,married,secondary,671
L0323,41,indian,blue-collar,married,primary,219
L0324,41,bumiputra,blue-collar,divorced,secondary,3622
L0325,55,bumiputra,retired,divorced,secondary,1580
L0326,53,chinese,technician,married,secondary,1319
L0327,55,indian,housemaid,married,primary,2152
L0328,39,bumiputra,services,married,secondary,2843
L0329,40,chinese,entrepreneur,married,tertiary,0
L0330,59,bumiputra,retired,married,primary,1115
L0331,42,bumiputra,blue-collar,single,secondary,625
L0332,41,bumiputra,blue-collar,married,primary,246
L0333,27,bumiputra,blue-collar,married,secondary,61
L0334,25,others,blue-collar,single,secondary,-191
L0335,43,bumiputra,unemployed,married,primary,519
L0336,44,chinese,services,married,secondary,522
L0337,26,bumiputra,blue-collar,single,secondary,-46
L0338,52,indian,retired,married,tertiary,2269
L0339,54,bumiputra,services,married,unknown,386
L0340,56,bumiputra,management,married,tertiary,0
L0341,57,bumiputra,management,married,tertiary,9103
L0342,29,bumiputra,blue-collar,single,secondary,908
L0343,47,bumiputra,technician,married,tertiary,1694
L0344,57,chinese,management,married,tertiary,-92
L0345,40,bumiputra,blue-collar,married,secondary,188
L0346,46,bumiputra,services,divorced,secondary,0
L0347,43,bumiputra,blue-collar,single,secondary,740
L0348,45,bumiputra,management,married,tertiary,655
L0349,24,bumiputra,management,married,secondary,867
L0350,40,bumiputra,blue-collar,married,secondary,1009
L0351,38,chinese,services,divorced,unknown,6360
L0352,36,bumiputra,unemployed,married,tertiary,4145
L0353,27,chinese,blue-collar,single,secondary,-27
L0354,26,bumiputra,admin.,single,primary,-122
L0355,43,chinese,management,married,tertiary,149
L0356,25,indian,blue-collar,single,primary,52
L0357,27,chinese,blue-collar,married,tertiary,335
L0358,30,bumiputra,technician,married,tertiary,526
L0359,28,chinese,admin.,single,secondary,-7
L0360,27,bumiputra,blue-collar,married,primary,-413
L0361,32,bumiputra,admin.,divorced,secondary,-241
L0362,41,bumiputra,blue-collar,single,secondary,75
L0363,37,indian,technician,single,tertiary,0
L0364,27,bumiputra,technician,single,secondary,158
L0365,29,bumiputra,services,single,secondary,84
L0366,33,bumiputra,services,married,secondary,114
L0367,36,bumiputra,technician,married,primary,0
L0368,28,bumiputra,blue-collar,single,secondary,-127
L0369,55,chinese,blue-collar,married,secondary,49
L0370,51,bumiputra,technician,married,secondary,216
L0371,39,chinese,technician,single,secondary,506
L0372,42,chinese,blue-collar,divorced,primary,213
L0373,33,bumiputra,services,single,secondary,170
L0374,36,chinese,entrepreneur,divorced,tertiary,776
L0375,45,chinese,technician,married,secondary,879
L0376,37,bumiputra,self-employed,married,secondary,1633
L0377,46,chinese,unemployed,married,secondary,926
L0378,32,bumiputra,self-employed,single,tertiary,2559
L0379,28,bumiputra,technician,single,secondary,909
L0380,45,bumiputra,admin.,divorced,secondary,-176
L0381,41,bumiputra,blue-collar,single,secondary,1085
L0382,59,bumiputra,blue-collar,divorced,primary,1265
L0383,47,bumiputra,technician,single,secondary,-239
L0384,31,chinese,blue-collar,single,secondary,726
L0385,31,bumiputra,management,single,tertiary,296
L0386,33,chinese,entrepreneur,married,secondary,-627
L0387,52,bumiputra,entrepreneur,married,tertiary,-468
L0388,26,chinese,self-employed,single,secondary,551
L0389,25,others,technician,single,secondary,0
L0390,25,chinese,blue-collar,married,secondary,101
L0391,28,chinese,blue-collar,single,secondary,517
L0392,33,indian,entrepreneur,divorced,tertiary,37
L0393,45,bumiputra,management,divorced,tertiary,854
L0394,36,others,services,married,secondary,30
L0395,26,bumiputra,blue-collar,single,secondary,81
L0396,38,bumiputra,technician,married,secondary,0
L0397,56,chinese,blue-collar,single,secondary,663
L0398,26,chinese,admin.,single,secondary,102
L0399,26,bumiputra,technician,married,secondary,370
L0400,25,bumiputra,blue-collar,single,secondary,189
L0401,26,bumiputra,unemployed,single,secondary,111
L0402,40,bumiputra,blue-collar,married,primary,665
L0403,37,bumiputra,admin.,married,primary,214
L0404,43,bumiputra,blue-collar,single,primary,0
L0405,41,indian,services,divorced,tertiary,1583
L0406,49,chinese,blue-collar,married,secondary,0
L0407,29,chinese,admin.,divorced,tertiary,0
L0408,39,bumiputra,services,divorced,secondary,687
L0409,38,chinese,management,married,tertiary,327
L0410,26,bumiputra,technician,married,secondary,-119
L0411,32,chinese,management,married,tertiary,794
L0412,33,bumiputra,blue-collar,married,primary,-191
L0413,31,chinese,management,single,tertiary,409
L0414,49,chinese,blue-collar,married,primary,3
L0415,27,bumiputra,unemployed,single,primary,9
L0416,30,bumiputra,blue-collar,single,secondary,155
L0417,35,chinese,blue-collar,married,secondary,1330
L0418,26,bumiputra,blue-collar,single,secondary,-29
L0419,45,bumiputra,entrepreneur,married,unknown,3133
L0420,34,bumiputra,admin.,married,secondary,-33
L0421,28,bumiputra,admin.,single,secondary,-170
L0422,25,bumiputra,blue-collar,single,secondary,1243
L0423,30,bumiputra,blue-collar,single,secondary,1598
L0424,30,bumiputra,services,married,secondary,5
L0425,47,chinese,services,married,secondary,367
L0426,57,bumiputra,admin.,divorced,secondary,658
L0427,38,bumiputra,management,married,tertiary,1722
L0428,54,bumiputra,technician,married,secondary,-315
L0429,25,chinese,blue-collar,single,primary,2483
L0430,30,indian,blue-collar,married,secondary,0
L0431,26,bumiputra,management,single,tertiary,45
L0432,31,bumiputra,student,married,primary,46
L0433,29,bumiputra,blue-collar,single,secondary,482
L0434,49,bumiputra,blue-collar,married,secondary,3728
L0435,60,bumiputra,retired,divorced,secondary,1099
L0436,60,bumiputra,management,married,tertiary,2222
L0437,29,chinese,management,single,tertiary,983
L0438,55,bumiputra,management,divorced,secondary,204
L0439,44,bumiputra,admin.,married,secondary,1074
L0440,47,chinese,technician,married,secondary,3466
L0441,35,bumiputra,admin.,married,secondary,-203
L0442,35,bumiputra,entrepreneur,married,secondary,2436
L0443,38,chinese,technician,married,secondary,976
L0444,34,chinese,entrepreneur,married,tertiary,146
L0445,50,bumiputra,technician,married,secondary,156
L0446,43,bumiputra,admin.,married,tertiary,189
L0447,44,others,admin.,divorced,secondary,163
L0448,51,bumiputra,services,divorced,secondary,242
L0449,31,bumiputra,technician,married,secondary,1173
L0450,39,bumiputra,technician,married,tertiary,0
L0451,59,bumiputra,management,married,tertiary,296
L0452,25,chinese,services,single,secondary,333
L0453,58,bumiputra,management,married,tertiary,3864
L0454,30,bumiputra,entrepreneur,married,primary,2686
L0455,34,bumiputra,blue-collar,single,primary,-109
L0456,51,chinese,services,divorced,secondary,65
L0457,60,bumiputra,retired,married,secondary,597
L0458,51,chinese,entrepreneur,married,secondary,-799
L0459,37,bumiputra,management,divorced,tertiary,1775
L0460,30,chinese,blue-collar,single,primary,0
L0461,46,chinese,entrepreneur,divorced,secondary,-563
L0462,29,chinese,student,single,tertiary,5
L0463,27,bumiputra,entrepreneur,married,tertiary,139
L0464,28,bumiputra,management,single,tertiary,0
L0465,34,bumiputra,blue-collar,single,secondary,855
L0466,29,chinese,blue-collar,single,unknown,694
L0467,27,bumiputra,management,single,tertiary,151
L0468,26,bumiputra,technician,single,secondary,354
L0469,36,bumiputra,management,married,tertiary,673
L0470,44,bumiputra,blue-collar,married,primary,1265
L0471,39,bumiputra,blue-collar,married,tertiary,597
L0472,30,indian,technician,married,secondary,-393
L0473,31,chinese,unemployed,divorced,tertiary,256
L0474,56,chinese,blue-collar,married,primary,0
L0475,29,chinese,blue-collar,married,secondary,2870
L0476,43,bumiputra,blue-collar,married,secondary,184
L0477,32,bumiputra,blue-collar,married,secondary,1905
L0478,30,bumiputra,admin.,single,secondary,-36
L0479,40,chinese,blue-collar,married,secondary,-839
L0480,42,chinese,services,married,secondary,3465
L0481,27,others,student,married,secondary,119
L0482,35,indian,management,married,tertiary,36
L0483,35,bumiputra,housemaid,married,primary,113
L0484,32,chinese,blue-collar,single,secondary,118
L0485,39,chinese,technician,married,secondary,251
L0486,31,chinese,blue-collar,divorced,secondary,-277
L0487,26,chinese,services,single,secondary,-189
L0488,42,chinese,management,married,tertiary,4
L0489,27,bumiputra,services,single,secondary,1820
L0490,33,chinese,self-employed,divorced,secondary,1904
L0491,51,bumiputra,blue-collar,married,primary,201
L0492,33,chinese,admin.,married,secondary,0
L0493,30,bumiputra,technician,single,tertiary,178
L0494,52,bumiputra,housemaid,married,primary,3798
L0495,42,others,blue-collar,divorced,primary,301
L0496,31,bumiputra,management,divorced,tertiary,294
L0497,27,chinese,services,married,secondary,0
L0498,44,bumiputra,blue-collar,single,secondary,292
L0499,40,chinese,entrepreneur,divorced,secondary,2998
L0500,46,bumiputra,housemaid,divorced,primary,2084
L0501,32,chinese,services,divorced,secondary,454
L0502,56,bumiputra,technician,divorced,secondary,179
L0503,33,chinese,blue-collar,married,secondary,661
L0504,33,chinese,blue-collar,married,secondary,89
L0505,32,bumiputra,self-employed,married,primary,102
L0506,41,chinese,blue-collar,divorced,primary,138
L0507,31,others,admin.,single,secondary,622
L0508,30,chinese,admin.,divorced,secondary,10
L0509,34,bumiputra,admin.,divorced,secondary,-251
L0510,43,bumiputra,entrepreneur,married,secondary,104
L0511,28,indian,blue-collar,married,secondary,173
L0512,32,chinese,admin.,divorced,secondary,-46
L0513,31,bumiputra,blue-collar,divorced,secondary,0
L0514,35,chinese,entrepreneur,single,tertiary,145
L0515,31,chinese,management,married,tertiary,325
L0516,25,bumiputra,services,single,secondary,2311
L0517,56,bumiputra,retired,divorced,tertiary,158
L0518,47,bumiputra,technician,married,secondary,1981
L0519,39,chinese,management,married,tertiary,1423
L0520,51,chinese,management,married,tertiary,2455
L0521,54,chinese,technician,divorced,secondary,859
L0522,58,bumiputra,retired,married,unknown,9004
L0523,42,chinese,unemployed,married,unknown,970
L0524,56,bumiputra,services,married,primary,486
L0525,55,bumiputra,housemaid,married,secondary,127
L0526,26,chinese,blue-collar,single,primary,409
L0527,40,chinese,admin.,single,secondary,664
L0528,26,chinese,technician,single,secondary,223
L0529,35,chinese,management,single,tertiary,-324
L0530,34,bumiputra,services,single,secondary,-30
L0531,41,chinese,management,single,tertiary,1253
L0532,44,chinese,management,married,primary,4758
L0533,33,chinese,management,single,tertiary,30
L0534,36,bumiputra,management,divorced,tertiary,81
L0535,38,bumiputra,technician,married,secondary,0
L0536,35,chinese,technician,married,tertiary,328
L0537,41,chinese,technician,single,tertiary,145
L0538,41,chinese,management,divorced,unknown,465
L0539,28,chinese,blue-collar,married,secondary,751
L0540,26,bumiputra,services,married,secondary,-379
L0541,39,others,blue-collar,single,secondary,0
L0542,25,chinese,admin.,married,unknown,349
L0543,37,indian,admin.,married,secondary,1110
L0544,25,chinese,management,married,secondary,2228
L0545,46,bumiputra,management,divorced,tertiary,2166
L0546,25,chinese,blue-collar,single,secondary,-247
L0547,28,chinese,technician,single,tertiary,-123
L0548,33,chinese,services,divorced,secondary,44
L0549,32,chinese,management,single,secondary,131
L0550,32,chinese,blue-collar,married,secondary,476
L0551,47,chinese,technician,single,secondary,1101
L0552,50,others,entrepreneur,married,tertiary,-168
L0553,27,others,technician,married,secondary,-392
L0554,45,indian,admin.,married,secondary,524
L0555,51,others,admin.,single,secondary,895
L0556,36,bumiputra,admin.,married,secondary,212
L0557,51,bumiputra,self-employed,married,secondary,95
L0558,33,chinese,services,single,tertiary,395
L0559,59,chinese,technician,married,secondary,135
L0560,38,bumiputra,entrepreneur,married,tertiary,0
L0561,40,bumiputra,services,married,secondary,471
L0562,51,bumiputra,blue-collar,married,primary,603
L0563,41,chinese,entrepreneur,single,secondary,663
L0564,38,bumiputra,entrepreneur,married,secondary,593
L0565,31,chinese,management,married,tertiary,1224
L0566,28,indian,admin.,single,secondary,2
L0567,41,chinese,blue-collar,married,secondary,720
L0568,33,bumiputra,management,divorced,tertiary,990
L0569,25,bumiputra,student,single,secondary,1747
L0570,45,chinese,admin.,divorced,secondary,59
L0571,31,chinese,blue-collar,married,primary,33
L0572,28,bumiputra,services,single,secondary,340
L0573,49,bumiputra,technician,divorced,secondary,305
L0574,25,chinese,services,married,secondary,0
L0575,28,bumiputra,unemployed,single,tertiary,497
L0576,54,chinese,retired,married,secondary,1371
L0577,28,chinese,technician,single,tertiary,1628
L0578,27,chinese,technician,single,tertiary,372
L0579,49,chinese,blue-collar,single,primary,566
L0580,53,indian,blue-collar,married,primary,343
L0581,26,bumiputra,technician,single,secondary,941
L0582,37,bumiputra,services,married,secondary,775
L0583,34,bumiputra,blue-collar,single,secondary,1759
L0584,51,others,retired,married,primary,1495
L0585,39,bumiputra,housemaid,married,secondary,1444
L0586,35,bumiputra,technician,single,tertiary,470
L0587,51,others,unemployed,married,primary,1162
L0588,30,bumiputra,management,single,tertiary,2
L0589,42,bumiputra,blue-collar,single,primary,1628
L0590,54,bumiputra,management,married,secondary,1134
L0591,51,bumiputra,blue-collar,married,primary,0
L0592,57,bumiputra,retired,divorced,primary,63
L0593,30,chinese,management,married,tertiary,1221
L0594,37,chinese,blue-collar,single,secondary,5024
L0595,39,chinese,technician,married,secondary,10685
L0596,35,indian,technician,married,tertiary,1629
L0597,48,bumiputra,management,married,secondary,268
L0598,31,indian,management,married,tertiary,0
L0599,35,chinese,self-employed,married,secondary,5613
L0600,48,bumiputra,housemaid,married,secondary,513
L0601,53,others,housemaid,married,primary,362
L0602,27,bumiputra,technician,single,secondary,3933
L0603,55,chinese,technician,married,secondary,3899
L0604,40,chinese,services,married,secondary,473
L0605,40,bumiputra,self-employed,single,tertiary,1616
L0606,38,chinese,blue-collar,divorced,secondary,1817
L0607,54,indian,retired,single,secondary,129
L0608,54,bumiputra,technician,married,secondary,1938
L0609,50,chinese,admin.,single,secondary,133
L0610,48,chinese,management,divorced,tertiary,2263
L0611,41,bumiputra,services,married,unknown,1538
L0612,51,chinese,blue-collar,divorced,primary,5
L0613,42,chinese,technician,single,tertiary,2625
L0614,58,bumiputra,retired,divorced,secondary,1080
L0615,47,bumiputra,unemployed,married,secondary,312
L0616,58,bumiputra,admin.,married,secondary,145
L0617,41,chinese,blue-collar,married,secondary,-190
L0618,50,bumiputra,admin.,married,secondary,2678
L0619,46,chinese,housemaid,married,secondary,271
L0620,44,bumiputra,blue-collar,married,secondary,0
L0621,36,chinese,services,married,secondary,0
L0622,58,bumiputra,management,divorced,secondary,3161
L0623,44,indian,unemployed,single,primary,-4
L0624,49,bumiputra,entrepreneur,divorced,unknown,-701
L0625,55,bumiputra,management,married,tertiary,-375
L0626,52,chinese,unemployed,married,primary,959
L0627,60,others,retired,divorced,secondary,1091
L0628,41,bumiputra,services,married,unknown,-1
L0629,36,bumiputra,management,married,tertiary,96
L0630,41,others,blue-collar,divorced,primary,0
L0631,50,bumiputra,entrepreneur,married,tertiary,230
L0632,44,others,housemaid,married,primary,-156
L0633,54,bumiputra,technician,married,secondary,114
L0634,35,bumiputra,management,married,tertiary,-468
L0635,59,chinese,retired,divorced,secondary,679
L0636,42,bumiputra,entrepreneur,married,unknown,206
L0637,27,others,management,single,tertiary,1
L0638,59,bumiputra,housemaid,divorced,primary,2518
L0639,43,bumiputra,admin.,married,secondary,378
L0640,39,chinese,technician,single,secondary,391
L0641,33,chinese,unemployed,married,secondary,-144
L0642,36,chinese,self-employed,single,tertiary,1240
L0643,35,bumiputra,blue-collar,divorced,primary,1792
L0644,50,chinese,blue-collar,married,unknown,2284
L0645,55,chinese,technician,married,secondary,264
L0646,51,bumiputra,unemployed,divorced,tertiary,0
L0647,48,bumiputra,entrepreneur,married,tertiary,-392
L0648,55,bumiputra,housemaid,divorced,primary,77
L0649,30,chinese,services,married,secondary,48
L0650,53,chinese,blue-collar,married,primary,252
L0651,40,chinese,blue-collar,married,secondary,1954
L0652,44,bumiputra,technician,married,primary,755
L0653,49,chinese,management,divorced,tertiary,755
L0654,40,bumiputra,admin.,married,secondary,341
L0655,58,others,unemployed,married,primary,1183
L0656,49,chinese,services,married,secondary,388
L0657,38,bumiputra,technician,married,secondary,1919
L0658,51,others,housemaid,divorced,tertiary,1613
L0659,36,chinese,management,divorced,tertiary,0
L0660,55,others,retired,married,secondary,0
L0661,43,indian,technician,married,tertiary,0
L0662,60,others,management,divorced,secondary,0
L0663,57,chinese,retired,married,secondary,466
L0664,41,bumiputra,technician,married,tertiary,515
L0665,50,chinese,technician,married,tertiary,2313
L0666,53,bumiputra,blue-collar,married,secondary,-8
L0667,59,bumiputra,retired,married,primary,1634
L0668,59,bumiputra,housemaid,married,primary,100
L0669,52,bumiputra,unknown,married,unknown,5361
L0670,58,chinese,management,divorced,tertiary,1257
L0671,59,bumiputra,retired,married,primary,3400
L0672,49,bumiputra,technician,single,secondary,1377
L0673,33,chinese,management,divorced,tertiary,2885
L0674,55,bumiputra,blue-collar,married,primary,512
L0675,42,chinese,technician,married,tertiary,921
L0676,52,bumiputra,services,married,secondary,1000
L0677,38,bumiputra,technician,married,tertiary,202
L0678,55,chinese,technician,married,tertiary,169
L0679,49,bumiputra,technician,married,tertiary,3726
L0680,56,bumiputra,technician,divorced,secondary,146
L0681,46,chinese,technician,married,secondary,940
L0682,57,bumiputra,retired,divorced,tertiary,734
L0683,61,chinese,retired,married,secondary,77
L0684,45,bumiputra,admin.,married,secondary,925
L0685,39,bumiputra,management,married,tertiary,1836
L0686,46,others,admin.,married,secondary,660
L0687,43,chinese,management,single,tertiary,1304
L0688,34,bumiputra,services,married,secondary,2956
L0689,35,bumiputra,management,divorced,tertiary,146
L0690,36,bumiputra,management,divorced,tertiary,36
L0691,45,bumiputra,management,divorced,tertiary,1
L0692,47,bumiputra,technician,married,secondary,2480
L0693,42,bumiputra,technician,married,tertiary,14282
L0694,40,bumiputra,management,single,tertiary,0
L0695,40,indian,technician,divorced,secondary,311
L0696,32,chinese,technician,married,secondary,560
L0697,33,bumiputra,technician,single,secondary,3059
L0698,32,bumiputra,self-employed,married,tertiary,1423
L0699,46,bumiputra,blue-collar,married,primary,874
L0700,50,chinese,admin.,married,secondary,706
L0701,51,bumiputra,blue-collar,married,primary,7098
L0702,30,bumiputra,management,single,tertiary,5389
L0703,39,chinese,technician,single,secondary,1104
L0704,47,bumiputra,admin.,married,secondary,3070
L0705,40,bumiputra,technician,divorced,secondary,0
L0706,50,bumiputra,blue-collar,married,primary,4108
L0707,60,bumiputra,management,married,tertiary,0
L0708,32,bumiputra,management,single,tertiary,4291
L0709,57,chinese,technician,married,tertiary,6822
L0710,41,chinese,self-employed,married,tertiary,231
L0711,50,others,technician,married,secondary,3176
L0712,46,bumiputra,technician,divorced,secondary,-824
L0713,31,chinese,management,married,tertiary,676
L0714,36,chinese,technician,single,secondary,651
L0715,45,chinese,technician,divorced,secondary,2657
L0716,33,chinese,technician,divorced,secondary,801
L0717,47,bumiputra,services,married,secondary,405
L0718,35,bumiputra,management,married,tertiary,82
L0719,38,bumiputra,management,married,tertiary,179
L0720,33,chinese,management,married,tertiary,1047
L0721,44,chinese,technician,single,secondary,7138
L0722,31,chinese,management,single,tertiary,165
L0723,31,others,management,single,tertiary,37
L0724,49,bumiputra,services,married,secondary,823
L0725,52,bumiputra,services,married,primary,1625
L0726,31,bumiputra,technician,married,tertiary,120
L0727,35,chinese,management,married,tertiary,2957
L0728,31,indian,management,single,tertiary,2
L0729,36,chinese,technician,divorced,secondary,1
L0730,39,bumiputra,management,married,tertiary,1795
L0731,46,chinese,management,married,tertiary,4
L0732,48,chinese,blue-collar,married,primary,476
L0733,36,bumiputra,management,married,tertiary,9
L0734,30,chinese,management,married,tertiary,131
L0735,33,others,management,single,tertiary,1120
L0736,57,bumiputra,housemaid,married,primary,2785
L0737,33,bumiputra,management,single,tertiary,0
L0738,35,others,management,married,tertiary,43
L0739,53,bumiputra,management,married,tertiary,0
L0740,41,indian,management,married,secondary,456
L0741,32,chinese,management,single,secondary,2018
L0742,41,bumiputra,management,married,tertiary,0
L0743,35,bumiputra,technician,single,secondary,354
L0744,48,indian,blue-collar,married,primary,719
L0745,34,bumiputra,management,married,tertiary,828
L0746,47,chinese,blue-collar,married,secondary,2787
L0747,46,bumiputra,unemployed,married,secondary,2551
L0748,60,chinese,retired,married,secondary,2722
L0749,39,bumiputra,management,married,secondary,1880
L0750,57,chinese,blue-collar,married,primary,2112
L0751,36,chinese,unemployed,divorced,secondary,871
L0752,30,indian,management,married,secondary,850
L0753,33,indian,technician,married,secondary,3243
L0754,30,bumiputra,management,married,tertiary,1567
L0755,36,bumiputra,technician,single,secondary,12
L0756,49,chinese,blue-collar,married,primary,128
L0757,49,bumiputra,blue-collar,married,secondary,553
L0758,40,chinese,unemployed,divorced,secondary,1694
L0759,49,chinese,blue-collar,married,primary,408
L0760,38,chinese,management,married,tertiary,1223
L0761,31,others,management,single,tertiary,1858
L0762,34,bumiputra,management,married,tertiary,520
L0763,39,chinese,management,married,tertiary,271
L0764,40,bumiputra,management,married,secondary,4396
L0765,47,bumiputra,technician,married,secondary,568
L0766,37,bumiputra,technician,single,secondary,3665
L0767,44,bumiputra,technician,single,secondary,244
L0768,55,bumiputra,management,married,tertiary,568
L0769,40,chinese,technician,married,secondary,42
L0770,54,chinese,retired,married,primary,309
L0771,35,indian,technician,married,secondary,-180
L0772,32,chinese,technician,single,tertiary,34646
L0773,36,chinese,management,divorced,tertiary,59
L0774,37,bumiputra,management,married,tertiary,4436
L0775,37,chinese,technician,single,secondary,-242
L0776,50,bumiputra,self-employed,married,secondary,10052
L0777,58,bumiputra,retired,married,tertiary,0
L0778,52,chinese,technician,divorced,secondary,152
L0779,31,chinese,management,married,tertiary,156
L0780,40,indian,management,married,tertiary,66
L0781,34,bumiputra,management,single,tertiary,9827
L0782,53,bumiputra,services,married,secondary,6170
L0783,43,indian,management,married,tertiary,2383
L0784,30,bumiputra,technician,single,tertiary,635
L0785,34,bumiputra,technician,single,secondary,16
L0786,48,bumiputra,admin.,divorced,secondary,362
L0787,33,bumiputra,management,married,tertiary,191
L0788,37,chinese,management,single,tertiary,455
L0789,57,bumiputra,technician,divorced,secondary,3043
L0790,55,chinese,retired,married,primary,3334
L0791,34,bumiputra,technician,married,tertiary,8029
L0792,44,bumiputra,entrepreneur,married,tertiary,624
L0793,35,bumiputra,management,single,tertiary,331
L0794,34,chinese,housemaid,married,primary,2929
L0795,49,others,services,married,secondary,1314
L0796,30,bumiputra,technician,married,secondary,289
L0797,32,chinese,management,single,tertiary,20
L0798,56,chinese,blue-collar,married,primary,8163
L0799,50,chinese,management,single,tertiary,1200
L0800,32,chinese,technician,single,secondary,1732
L0801,45,bumiputra,technician,single,tertiary,0
L0802,52,bumiputra,management,married,tertiary,576
L0803,60,bumiputra,blue-collar,married,primary,493
L0804,47,bumiputra,management,married,tertiary,682
L0805,32,bumiputra,technician,single,secondary,0
L0806,55,bumiputra,blue-collar,married,primary,3485
L0807,36,bumiputra,management,single,tertiary,2944
L0808,46,chinese,technician,married,secondary,1353
L0809,55,others,management,divorced,tertiary,0
L0810,30,bumiputra,management,single,tertiary,1541
L0811,54,others,blue-collar,married,secondary,548
L0812,31,bumiputra,management,divorced,tertiary,254
L0813,46,bumiputra,technician,single,tertiary,4414
L0814,61,chinese,management,married,secondary,985
L0815,58,bumiputra,retired,married,primary,1241
L0816,38,chinese,technician,single,secondary,3278
L0817,49,bumiputra,technician,married,secondary,412
L0818,43,others,management,single,tertiary,483
L0819,52,chinese,management,married,tertiary,7135
L0820,33,bumiputra,self-employed,single,tertiary,61
L0821,33,chinese,management,married,tertiary,1412
L0822,53,others,management,married,tertiary,15
L0823,40,chinese,admin.,single,tertiary,27
L0824,44,bumiputra,self-employed,married,tertiary,1196
L0825,42,chinese,technician,divorced,secondary,19
L0826,33,others,management,single,tertiary,432
L0827,53,chinese,technician,married,tertiary,988
L0828,60,bumiputra,admin.,married,tertiary,1614
L0829,33,chinese,technician,single,secondary,163
L0830,37,indian,technician,married,tertiary,247
L0831,45,indian,admin.,married,secondary,236
L0832,34,chinese,technician,single,secondary,666
L0833,56,bumiputra,technician,married,tertiary,73
L0834,57,indian,technician,divorced,tertiary,96
L0835,32,chinese,management,single,tertiary,46
L0836,50,chinese,services,married,secondary,1501
L0837,30,chinese,services,single,tertiary,-477
L0838,56,chinese,admin.,married,secondary,1694
L0839,55,others,blue-collar,married,secondary,196
L0840,34,bumiputra,self-employed,single,tertiary,462
L0841,52,indian,management,married,tertiary,1227
L0842,32,chinese,management,single,tertiary,522
L0843,31,bumiputra,self-employed,married,tertiary,94
L0844,44,bumiputra,technician,married,secondary,267
L0845,33,bumiputra,management,married,tertiary,4570
L0846,53,chinese,blue-collar,married,secondary,25
L0847,46,bumiputra,management,single,tertiary,0
L0848,46,chinese,entrepreneur,married,tertiary,1920
L0849,59,bumiputra,admin.,married,secondary,1575
L0850,51,bumiputra,unemployed,married,secondary,234
L0851,57,bumiputra,retired,married,primary,3518
L0852,43,chinese,technician,married,secondary,136
L0853,48,chinese,management,single,tertiary,830
L0854,33,bumiputra,housemaid,married,primary,2054
L0855,59,others,blue-collar,married,primary,-546
L0856,58,bumiputra,blue-collar,married,primary,5188
L0857,32,chinese,management,single,tertiary,1882
L0858,44,bumiputra,management,married,tertiary,792
L0859,47,bumiputra,blue-collar,married,unknown,162
L0860,34,bumiputra,technician,married,secondary,1035
L0861,51,chinese,retired,married,tertiary,746
L0862,60,chinese,unknown,married,unknown,17297
L0863,46,bumiputra,admin.,married,secondary,22
L0864,41,bumiputra,technician,married,tertiary,231
L0865,34,bumiputra,self-employed,single,secondary,296
L0866,31,bumiputra,technician,divorced,tertiary,0
L0867,37,chinese,management,married,tertiary,40
L0868,59,chinese,retired,married,secondary,2396
L0869,55,chinese,services,married,unknown,2944
L0870,33,chinese,management,single,tertiary,7084
L0871,30,chinese,technician,married,tertiary,569
L0872,36,chinese,management,married,tertiary,0
L0873,44,bumiputra,management,married,tertiary,1138
L0874,36,chinese,technician,divorced,secondary,54
L0875,33,bumiputra,management,single,tertiary,2637
L0876,36,bumiputra,technician,married,secondary,2473
L0877,53,chinese,blue-collar,married,primary,5603
L0878,47,bumiputra,admin.,divorced,secondary,225
L0879,39,indian,management,married,tertiary,-17
L0880,35,bumiputra,technician,single,secondary,3490
L0881,32,chinese,management,single,tertiary,769
L0882,46,indian,technician,divorced,secondary,-90
L0883,30,others,self-employed,married,tertiary,1785
L0884,36,bumiputra,self-employed,single,tertiary,-103
L0885,47,bumiputra,admin.,divorced,secondary,555
L0886,52,others,technician,married,secondary,5303
L0887,43,bumiputra,management,married,tertiary,1258
L0888,44,others,technician,single,secondary,1679
L0889,30,bumiputra,blue-collar,married,secondary,1664
L0890,32,bumiputra,admin.,married,secondary,8749
L0891,42,others,admin.,single,secondary,-247
L0892,33,bumiputra,services,married,secondary,3444
L0893,45,chinese,admin.,married,secondary,5346
L0894,45,bumiputra,blue-collar,married,secondary,1144
L0895,28,chinese,student,single,secondary,2351
L0896,32,bumiputra,technician,single,tertiary,5514
L0897,28,bumiputra,self-employed,married,secondary,123
L0898,44,indian,admin.,divorced,primary,429
L0899,51,bumiputra,entrepreneur,married,tertiary,5254
L0900,56,indian,technician,married,secondary,589
L0901,40,bumiputra,technician,divorced,tertiary,568
L0902,49,chinese,admin.,married,secondary,10250
L0903,50,bumiputra,management,single,tertiary,3537
L0904,58,bumiputra,admin.,divorced,secondary,1947
L0905,37,others,admin.,married,secondary,1967
L0906,27,bumiputra,entrepreneur,married,secondary,2329
L0907,47,others,management,divorced,tertiary,12026
L0908,39,bumiputra,admin.,married,secondary,1757
L0909,43,bumiputra,management,married,secondary,107
L0910,34,bumiputra,technician,married,secondary,1012
L0911,35,chinese,management,divorced,tertiary,0
L0912,58,others,management,divorced,tertiary,372
L0913,35,bumiputra,management,single,tertiary,7506
L0914,42,indian,technician,divorced,secondary,314
L0915,43,chinese,retired,married,secondary,860
L0916,34,bumiputra,housemaid,married,secondary,0
L0917,35,bumiputra,blue-collar,single,secondary,3623
L0918,38,chinese,admin.,single,secondary,2470
L0919,39,chinese,blue-collar,married,secondary,1307
L0920,58,bumiputra,retired,divorced,tertiary,3237
L0921,60,chinese,management,married,tertiary,5041
L0922,56,bumiputra,technician,married,secondary,6619
L0923,31,chinese,management,married,tertiary,1331
L0924,37,bumiputra,services,married,secondary,1970
L0925,59,bumiputra,retired,divorced,secondary,1026
L0926,49,bumiputra,management,married,secondary,249
L0927,30,others,management,single,tertiary,12857
L0928,31,indian,technician,single,tertiary,2807
L0929,40,bumiputra,blue-collar,married,secondary,5060
L0930,43,chinese,admin.,married,secondary,2271
L0931,48,bumiputra,management,married,tertiary,1
L0932,34,others,management,married,tertiary,676
L0933,28,chinese,self-employed,single,tertiary,160
L0934,34,chinese,admin.,married,tertiary,899
L0935,47,others,blue-collar,married,secondary,1230
L0936,59,bumiputra,housemaid,married,tertiary,0
L0937,32,others,blue-collar,single,tertiary,700
L0938,31,bumiputra,entrepreneur,single,secondary,0
L0939,27,others,student,single,secondary,67
L0940,35,bumiputra,unemployed,single,secondary,127
L0941,32,bumiputra,blue-collar,married,secondary,2089
L0942,57,chinese,blue-collar,married,unknown,3585
L0943,58,bumiputra,management,married,tertiary,4152
L0944,30,bumiputra,technician,single,secondary,816
L0945,37,chinese,management,married,secondary,5447
L0946,44,bumiputra,technician,divorced,secondary,275
L0947,57,chinese,blue-collar,married,secondary,1540
L0948,34,chinese,blue-collar,married,secondary,751
L0949,54,bumiputra,unemployed,single,secondary,380
L0950,55,bumiputra,retired,married,secondary,1504
L0951,59,chinese,management,married,tertiary,1783
L0952,53,chinese,retired,married,tertiary,2269
L0953,37,chinese,technician,married,secondary,5115
L0954,45,chinese,entrepreneur,married,secondary,781
L0955,49,chinese,technician,single,secondary,-188
L0956,31,chinese,blue-collar,single,tertiary,761
L0957,31,others,admin.,single,secondary,19
L0958,35,bumiputra,technician,married,secondary,4508
L0959,37,bumiputra,entrepreneur,divorced,tertiary,66
L0960,48,chinese,management,married,tertiary,2266
L0961,39,others,technician,single,secondary,4646
L0962,34,bumiputra,management,single,tertiary,1494
L0963,49,chinese,management,married,tertiary,1050
L0964,41,bumiputra,management,married,tertiary,0
L0965,46,bumiputra,management,married,secondary,0
L0966,54,bumiputra,management,divorced,tertiary,2171
L0967,38,bumiputra,technician,married,tertiary,3234
L0968,39,bumiputra,entrepreneur,married,secondary,11887
L0969,46,chinese,management,married,tertiary,0
L0970,58,indian,management,divorced,tertiary,5037
L0971,32,bumiputra,self-employed,single,tertiary,386
L0972,30,others,admin.,married,secondary,8781
L0973,51,bumiputra,entrepreneur,married,primary,538
L0974,30,bumiputra,management,single,tertiary,5561
L0975,35,chinese,management,divorced,tertiary,859
L0976,30,chinese,services,single,primary,0
L0977,30,bumiputra,self-employed,single,secondary,-617
L0978,43,bumiputra,management,married,tertiary,1429
L0979,47,others,management,married,unknown,4189
L0980,51,chinese,retired,married,tertiary,580
L0981,32,bumiputra,services,single,secondary,2615
L0982,53,others,unemployed,divorced,secondary,587
L0983,33,indian,technician,single,tertiary,149
L0984,40,bumiputra,blue-collar,single,secondary,3
L0985,42,bumiputra,blue-collar,married,primary,807
L0986,46,bumiputra,unemployed,divorced,secondary,3354
L0987,32,chinese,self-employed,single,tertiary,1249
L0988,38,bumiputra,blue-collar,married,primary,190
L0989,32,chinese,technician,single,tertiary,550
L0990,30,bumiputra,entrepreneur,married,secondary,12737
L0991,35,chinese,technician,married,secondary,0
L0992,36,bumiputra,admin.,married,secondary,1207
L0993,43,bumiputra,self-employed,divorced,secondary,347
L0994,42,bumiputra,management,married,tertiary,3713
L0995,40,chinese,management,married,tertiary,3352
L0996,32,others,blue-collar,married,secondary,254
L0997,32,chinese,technician,married,tertiary,4654
L0998,41,indian,blue-collar,single,secondary,-386
L0999,34,chinese,blue-collar,single,secondary,3043
L1000,40,bumiputra,services,single,secondary,1547
